chain,residue,percentage
A,13,100
A,28,87.1
A,37,87.1
A,15,87.1
A,36,80.65
A,12,80.65
A,32,77.42
A,14,77.42
A,17,77.42
A,26,70.97
A,33,70.97
A,11,70.97
A,16,70.97
A,25,67.74
A,10,64.52
A,24,61.29
A,27,61.29
A,31,61.29
A,35,58.06
A,20,54.84
A,30,51.61
A,29,51.61
A,192,48.39
A,34,48.39
A,22,48.39
A,23,45.16
A,190,45.16
A,21,45.16
A,38,41.94
A,39,41.94
A,286,41.94
A,287,41.94
A,289,41.94
A,19,41.94
A,191,38.71
A,285,35.48
A,288,35.48
A,290,35.48
A,18,35.48
A,44,32.26
A,193,32.26
A,9,32.26
A,4,32.26
A,40,29.03
A,196,29.03
A,283,29.03
A,280,29.03
A,284,29.03
A,291,29.03
A,5,29.03
A,1,29.03
A,41,25.81
A,204,25.81
A,279,25.81
A,281,25.81
A,8,25.81
A,185,25.81
A,195,22.58
A,201,22.58
A,203,22.58
A,282,22.58
A,7,22.58
A,6,22.58
A,2,22.58
A,3,22.58
A,294,22.58
A,111,19.35
A,189,19.35
A,194,19.35
A,292,19.35
A,42,19.35
A,186,19.35
A,188,19.35
A,48,16.13
A,109,16.13
A,110,16.13
A,114,16.13
A,197,16.13
A,199,16.13
A,202,16.13
A,278,16.13
A,187,16.13
A,295,16.13
A,277,16.13
A,298,16.13
A,108,12.9
A,112,12.9
A,113,12.9
A,200,12.9
A,211,12.9
A,296,12.9
A,205,12.9
A,207,12.9
A,210,12.9
A,45,12.9
A,120,12.9
A,221,12.9
A,115,12.9
A,116,12.9
A,311,12.9
A,276,12.9
A,293,12.9
A,206,9.68
A,208,9.68
A,212,9.68
A,216,9.68
A,225,9.68
A,220,9.68
A,59,9.68
A,60,9.68
A,307,9.68
A,43,9.68
A,198,9.68
A,272,9.68
A,273,9.68
A,107,6.45
A,209,6.45
A,213,6.45
A,184,6.45
A,135,6.45
A,138,6.45
A,175,6.45
A,56,6.45
A,63,6.45
A,102,6.45
A,95,6.45
A,96,6.45
A,125,6.45
A,181,6.45
A,215,6.45
A,217,6.45
A,219,6.45
A,178,6.45
A,179,6.45
A,310,6.45
A,46,6.45
A,49,6.45
A,47,6.45
A,52,6.45
A,172,6.45
A,275,6.45
A,299,6.45
A,104,6.45
A,264,6.45
A,269,6.45
A,301,6.45
A,126,6.45
A,300,6.45
A,261,6.45
A,257,6.45
A,314,6.45
A,315,6.45
A,318,6.45
A,64,3.23
A,66,3.23
A,67,3.23
A,68,3.23
A,69,3.23
A,70,3.23
A,71,3.23
A,98,3.23
A,99,3.23
A,100,3.23
A,103,3.23
A,118,3.23
A,117,3.23
A,182,3.23
A,54,3.23
A,57,3.23
A,58,3.23
A,61,3.23
A,92,3.23
A,119,3.23
A,165,3.23
A,166,3.23
A,167,3.23
A,168,3.23
A,169,3.23
A,170,3.23
A,173,3.23
A,105,3.23
A,106,3.23
A,267,3.23
A,268,3.23
A,271,3.23
A,270,3.23
A,274,3.23
A,50,3.23
A,51,3.23
A,303,3.23
A,265,3.23
A,304,3.23
A,308,3.23
A,316,3.23
A,319,3.23
A,297,3.23
A,256,3.23
A,260,3.23
A,263,3.23
A,122,3.23
A,313,3.23
A,317,3.23
